LDMK_NUM,LDMK_NAME,ORD_NUM,ORD_DATE,ADDRESS_ID,ADDRESS_LINE1,ADDRESS_LINE2,ADDRESS_NOTES,CITY,STATE,ZIP,SITUS_NUM,SITUS_DIR,SITUS_ST,SITUS_TYPE,SITUS_APT,DIST_NUM,DIST_NAME,STATE_HIST_NUM,GLOBALID
59,Hitchings House,349,1974-05-28 00:00:00,,1620  Market ST,,,,,,1620,,Market,ST,,15,LOWER DOWNTOWN,5DV.47.37,{00000000-0000-0000-0000-000000000000}
60,Lieberhart/Lindner Building,349,1974-05-28 00:00:00,,1624  Market ST,,,,,,1624,,Market,ST,,15,LOWER DOWNTOWN,5DV.47.7,{00000000-0000-0000-0000-000000000000}
62,Commercial Building,349,1974-05-28 00:00:00,,1642  Market ST,,,,,,1642,,Market,ST,,15,LOWER DOWNTOWN,5DV.47.15,{00000000-0000-0000-0000-000000000000}
63,Commercial Building,349,1974-05-28 00:00:00,,1644  Market ST,1650,,,,,1644,,Market,ST,1650,15,LOWER DOWNTOWN,,{00000000-0000-0000-0000-000000000000}
64,Columbia Hotel,349,1974-05-28 00:00:00,,1322  17th ST,1350,,,,,1322,,17th,ST,1350,15,LOWER DOWNTOWN,5DV.47.38,{00000000-0000-0000-0000-000000000000}
66,St Elizabeths Chapel,625,1974-09-26 00:00:00,,2825 W 32nd AVE,,,,,,2825,W,32nd,AVE,,13,POTTER HIGHLANDS,5DV.129,{00000000-0000-0000-0000-000000000000}
67,St Andrews Memorial Chapel,625,1974-09-26 00:00:00,,2015  Glenarm PL,,,,,,2015,,Glenarm,PL,,4,CLEMENTS,5DV.116,{00000000-0000-0000-0000-000000000000}
113,Lobach House,769,1979-01-04 00:00:00,,2851  Perry ST,,,,,,2851,,Perry,ST,,NA,No District,,{00000000-0000-0000-0000-000000000000}
115,John Mitchell House,123,1979-03-30 00:00:00,,670  Clarkson ST,676,,,,,670,,Clarkson,ST,676,21,7TH AVENUE,,{00000000-0000-0000-0000-000000000000}
116,Lang/Zang House,261,1979-06-25 00:00:00,,1532  Emerson ST,,,,,,1532,,Emerson,ST,,NA,No District,5DV.130,{00000000-0000-0000-0000-000000000000}
117,Guerrieri/Decunto House,388,1979-08-20 00:00:00,,1650  Pennsylvania ST,,,,,,1650,,Pennsylvania,ST,,NA,No District,5DV.147,{00000000-0000-0000-0000-000000000000}
118,William Moses House,631,1980-01-03 00:00:00,,4001 W 30th AVE,,,,,,4001,W,30th,AVE,,46,WOLFF PLACE,5DV.677,{00000000-0000-0000-0000-000000000000}
119,Gebhard/Smith House,632,1980-01-03 00:00:00,,2229  Downing ST,2253,,,,,2229,,Downing,ST,2253,NA,No District,5DV.202.15,{00000000-0000-0000-0000-000000000000}
120,Henry Lee House,260,1980-06-05 00:00:00,,2653 W 32nd AVE,,,,,,2653,W,32nd,AVE,,13,POTTER HIGHLANDS,5DV.85.14,{00000000-0000-0000-0000-000000000000}
121,Kistler/Rodriguez House,296,1980-06-17 00:00:00,,700 E 9th AVE,,,,,,700,E,9th,AVE,,NA,No District,5DV.1497,{00000000-0000-0000-0000-000000000000}
122,Henri Foster House,419,1980-09-03 00:00:00,,2533 W 32nd AVE,,,,,,2533,W,32nd,AVE,,13,POTTER HIGHLANDS,5DV.85.5,{00000000-0000-0000-0000-000000000000}
123,Clements Rowhouse,617,1980-12-11 00:00:00,,2201  Glenarm PL,2217,,,,,2201,,Glenarm,PL,2217,4,CLEMENTS,5DV.196,{00000000-0000-0000-0000-000000000000}
124,Mattie Silks House,5,1981-01-20 00:00:00,,2009  Market ST,,,,,,2009,,Market,ST,,NA,No District,5DV.515,{00000000-0000-0000-0000-000000000000}
125,Baerresen/Freeman House,121,1981-03-30 00:00:00,,1718  Gaylord ST,,,,,,1718,,Gaylord,ST,,NA,No District,,{00000000-0000-0000-0000-000000000000}
126,Butters House,372,1981-07-28 00:00:00,,1129  Pennsylvania ST,,,,,,1129,,Pennsylvania,ST,,31,PENNSYLVANIA STREET,5DV.664,{00000000-0000-0000-0000-000000000000}
128,Flower/Vaile House,536,1981-10-20 00:00:00,,1610  Emerson ST,,,,,,1610,,Emerson,ST,,35,SWALLOW HILL,5DV.659,{00000000-0000-0000-0000-000000000000}
130,Cerrones Grocery,26,1982-02-01 00:00:00,,3617  Osage ST,,,,,,3617,,Osage,ST,,NA,No District,5DV.358.11,{00000000-0000-0000-0000-000000000000}
133,Wolcott School,27,1982-02-01 00:00:00,,1410  Marion ST,1414,,,,,1410,,Marion,ST,1414,NA,No District,,{00000000-0000-0000-0000-000000000000}
132,Sheridan Heritage Building,28,1982-02-01 00:00:00,,1635  17th ST,,,,,,1635,,17th,ST,,15,LOWER DOWNTOWN,5DV.882,{00000000-0000-0000-0000-000000000000}
134,Chappell House,116,1982-03-22 00:00:00,,1555  Race ST,,,,,,1555,,Race,ST,,22,WYMAN,5DV.320,{00000000-0000-0000-0000-000000000000}
136,Masonic Temple Building,195,1982-04-27 00:00:00,,1614  Welton ST,,,,,,1614,,Welton,ST,,38,DOWNTOWN DENVER,5DV.136,{00000000-0000-0000-0000-000000000000}
137,Denver Athletic Club,587,1982-11-01 00:00:00,,1325  Glenarm PL,,,,,,1325,,Glenarm,PL,,NA,No District,5DV.149,{00000000-0000-0000-0000-000000000000}
138,Barney Ford House,635,1982-12-08 00:00:00,,1514  Blake ST,,,,,,1514,,Blake,ST,,15,LOWER DOWNTOWN,5DV.47.66,{00000000-0000-0000-0000-000000000000}
139,Curry/Chucovich House,654,1982-12-08 00:00:00,,1439  Court PL,,,,,,1439,,Court,PL,,NA,No District,5DV.146,{00000000-0000-0000-0000-000000000000}
140,Kettle Building,47,1983-02-10 00:00:00,,1422  Larimer ST,,,,,,1422,,Larimer,ST,,1,LARIMER SQUARE,5DV.104.13,{00000000-0000-0000-0000-000000000000}
141,Congdon Building,48,1983-02-10 00:00:00,,1421  Larimer ST,1425,,,,,1421,,Larimer,ST,1425,1,LARIMER SQUARE,5DV.104.5,{00000000-0000-0000-0000-000000000000}
142,Barnum Building,49,1983-02-10 00:00:00,,1412  Larimer ST,,,,,,1412,,Larimer,ST,,1,LARIMER SQUARE,5DV.104.11,{00000000-0000-0000-0000-000000000000}
143,Sussex Building,50,1983-02-10 00:00:00,,1430  Larimer ST,,,,,,1430,,Larimer,ST,,1,LARIMER SQUARE,5DV.104.14,{00000000-0000-0000-0000-000000000000}
144,Granite Building,51,1983-02-10 00:00:00,,1460  Larimer ST,,,,,,1460,,Larimer,ST,,1,LARIMER SQUARE,5DV.10401,{00000000-0000-0000-0000-000000000000}
145,Crawford Building,52,1983-02-10 00:00:00,,1437  Larimer ST,1439,,,,,1437,,Larimer,ST,1439,1,LARIMER SQUARE,5DV.104.8,{00000000-0000-0000-0000-000000000000}
147,Lincoln Hall Building,54,1983-02-10 00:00:00,,1415  Larimer ST,,,,,,1415,,Larimer,ST,,1,LARIMER SQUARE,5DV.104.4,{00000000-0000-0000-0000-000000000000}
149,Miller Building,56,1983-02-10 00:00:00,,1401  Larimer ST,1407,,,,,1401,,Larimer,ST,1407,1,LARIMER SQUARE,5DV.104.2,{00000000-0000-0000-0000-000000000000}
150,Wynkoop Building,437,1983-07-27 00:00:00,,1738  Wynkoop ST,,,,,,1738,,Wynkoop,ST,,15,LOWER DOWNTOWN,5DV.47.6,{00000000-0000-0000-0000-000000000000}
151,Insurance Exchange Building,548,1983-10-17 00:00:00,,910  15th ST,,,,,,910,,15th,ST,,38,DOWNTOWN DENVER,5DV.137,{00000000-0000-0000-0000-000000000000}
152,Oxford Hotel,571,1983-11-03 00:00:00,,1659  Wazee ST,,,,,,1659,,Wazee,ST,,15,LOWER DOWNTOWN,5DV.47.62,{00000000-0000-0000-0000-000000000000}
153,Bosler House,26,1984-02-14 00:00:00,,3209 W Fairview PL,,,,,,3209,W,Fairview,PL,,NA,No District,5DV.1477,{00000000-0000-0000-0000-000000000000}
156,Emerson School,500,1984-10-04 00:00:00,,1420  Ogden ST,,,,,,1420,,Ogden,ST,,NA,No District,5DV.1495,{00000000-0000-0000-0000-000000000000}
155,Decker Library,501,1984-10-04 00:00:00,,1501 S Logan  ST,,,,,,1501,S,Logan ,ST,,NA,No District,,{00000000-0000-0000-0000-000000000000}
157,Anfenger House,597,1984-11-29 00:00:00,,2900  Champa ST,,,,,,2900,,Champa,ST,,50,CURTIS PARK G,,{00000000-0000-0000-0000-000000000000}
159,Wood/Morris/Bonfils House,318,1985-06-20 00:00:00,,707  Washington ST,,,,,,707,,Washington,ST,,21,7TH AVENUE,5DV.179,{00000000-0000-0000-0000-000000000000}
160,Hotel Hope Building,406,1985-07-26 00:00:00,,1400  Larimer ST,1406,,,,,1400,,Larimer,ST,1406,1,LARIMER SQUARE,5DV.2014,{00000000-0000-0000-0000-000000000000}
161,Barth Hotel,502,1985-10-03 00:00:00,,1514  17th ST,,,,,,1514,,17th,ST,,15,LOWER DOWNTOWN,5DV.47.64,{00000000-0000-0000-0000-000000000000}
305,Norman Apartment Building,564,2002-07-16 00:00:00,,99 S Downing ST,,,,,,99,S,Downing,ST,,NA,No District,5DV.1707,{00000000-0000-0000-0000-000000000000}
306,Cameron Methodist Church,736,2003-09-29 00:00:00,,1600 S Pearl ST,,,,,,1600,S,Pearl,ST,,NA,No District,5DV.825,{00000000-0000-0000-0000-000000000000}
307,Neahr House,92,2004-02-17 00:00:00,,1017 S Race ST,,,,,,1017,S,Race,ST,,NA,No District,,{00000000-0000-0000-0000-000000000000}
308,Globeville School,184,2004-03-30 00:00:00,,5100 N Lincoln ST,,,,,,5100,N,Lincoln,ST,,NA,No District,5DV.793,{00000000-0000-0000-0000-000000000000}
309,Church Of The Ascension,244,2004-04-19 00:00:00,,600 N Gillpin ST,,,,,,600,N,Gillpin,ST,,21,7TH AVENUE,5DV.8323,{00000000-0000-0000-0000-000000000000}
310,Wolf House,274,2004-05-03 00:00:00,,2036 N Ogden ST,,,,,,2036,N,Ogden,ST,,NA,No District,5DV.202.36,{00000000-0000-0000-0000-000000000000}
312,Fairmount Mausoleum,64,2005-02-08 00:00:00,,400 S Quebec ST,,,,,,400,S,Quebec,ST,,NA,No District,,{00000000-0000-0000-0000-000000000000}
314,Tammen Hall,399,2005-06-17 00:00:00,,1010 E 19th AVE,,,,,,1010,E,19th,AVE,,NA,No District,5DV.166.2,{00000000-0000-0000-0000-000000000000}
313,Doyle-Benton House,292,2005-05-02 00:00:00,,1301 N Lafayette ST,,,,,,1301,N,Lafayette,ST,,NA,No District,5DV.9200,{00000000-0000-0000-0000-000000000000}
316,Baur Confectionary Company,460,2006-07-26 00:00:00,,1512  Curtis ST,1514,,,,,1512,,Curtis,ST,1514,38,DOWNTOWN DENVER,,{00000000-0000-0000-0000-000000000000}
317,John Collins United Methodist Church,492,2006-08-22 00:00:00,,2300 S Bannock ST,2320,,,,,2300,S,Bannock,ST,2320,NA,No District,,{00000000-0000-0000-0000-000000000000}
318,Myrtle Hill School,592,2006-09-12 00:00:00,,1125 S Race ST,,,,,,1125,S,Race,ST,,NA,No District,,{00000000-0000-0000-0000-000000000000}
319,Kappler-Cannon-Fieger Home,65,2007-02-21 00:00:00,,1904 N Kearney ST,,,,,,1904,N,Kearney,ST,,NA,No District,,{00000000-0000-0000-0000-000000000000}
320,Schulz-Neef House,623,2007-11-05 00:00:00,,1739 E 29th AVE,,,,,,1739,E,29th,AVE,,NA,No District,,{00000000-0000-0000-0000-000000000000}
332,Bonfils Memorial Theater / Lowenstein Theater,93,2012-02-16 00:00:00,,1475 Elizabeth St.,2526 E. Colfax Ave.,1475 Elizabeth is retired,,,,2526,E,Colfax,AVE,,NA,No District,5DV.4045,{00000000-0000-0000-0000-000000000000}
283,Nagel House,98,1998-03-02 00:00:00,,2335  Stout ST,,,,,,2335,,Stout,ST,,52,CURTIS PARK - H,,{00000000-0000-0000-0000-000000000000}
284,Kaub House,97,1998-03-02 00:00:00,,2343  Stout ST,,,,,,2343,,Stout,ST,,52,CURTIS PARK - H,5DV.103.13,{00000000-0000-0000-0000-000000000000}
210,Burlington Hotel,705,1993-09-30 00:00:00,,2201 Larimer St.,1319 22nd St.,,,,,1307,,22nd,ST,1319,42,BALL PARK,5DV.3311,{00000000-0000-0000-0000-000000000000}
98,Phipps House,208,1977-05-05 00:00:00,,3400  Belcaro DR,,,,,,3400,,Belcaro,DR,,NA,No District,5DV.168,{00000000-0000-0000-0000-000000000000}
321,Stanley School/ Montclair School,624,2007-11-05 00:00:00,,1301 N QUEBEC ST,,,,,,1301,N,QUEBEC,ST,,NA,No District,5DV.9942,{00000000-0000-0000-0000-000000000000}
322,Fitzroy Place,654,2007-11-13 00:00:00,,2160 S COOK ST,,,,,,2160,S,COOK,ST,,NA,No District,5DV.175,{00000000-0000-0000-0000-000000000000}
324,Epiphany Episcopal Church,138,2008-03-24 00:00:00,,100  Colorado BLVD,,,,,,100,,Colorado,BLVD,,NA,No District,,{00000000-0000-0000-0000-000000000000}
325,Petrikin Estate,418,2008-08-11 00:00:00,,2109 E 9th AVE,,,,,,2109,E,9th,AVE,,8,MORGAN'S SUBDIVISION,,{00000000-0000-0000-0000-000000000000}
326,Amter Residence,333,2009-06-22 00:00:00,,222 S Fairfax ST,,,,,,222,S,Fairfax,ST,,NA,No District,,{00000000-0000-0000-0000-000000000000}
327,Woodmans Life Building,334,2009-06-22 00:00:00,,2100 N Downing ST,,,,,,2100,N,Downing,ST,,NA,No District,,{00000000-0000-0000-0000-000000000000}
328,Governor Carr Residence,554,2009-10-05 00:00:00,,747  Downing ST,,,,,,747,,Downing,ST,,21,7TH AVENUE,,{00000000-0000-0000-0000-000000000000}
329,2500 Walnut Street,1,2010-01-04 00:00:00,,2500  Walnut ST,,,,,,2500,,Walnut,ST,,42,BALL PARK,,{00000000-0000-0000-0000-000000000000}
330,Holland House,429,2010-08-16 00:00:00,,2340 S Josephine ST,,,,,,2340,S,Josephine,ST,,NA,No District,,{00000000-0000-0000-0000-000000000000}
233,Warming House At Evergreen Lake,932,1994-11-22 00:00:00,,,,,,,,,,,,,NA,No District,,{00000000-0000-0000-0000-000000000000}
232,"Pueblo Trading Post, Red Rocks Park",931,1994-11-22 00:00:00,,,,,,,,,,,,,NA,No District,,{00000000-0000-0000-0000-000000000000}
49,Red Rocks Theater,654,1973-11-01 00:00:00,,,,,,,,,,,,,NA,No District,,{00000000-0000-0000-0000-000000000000}
219,DPS Admin Building,438,1994-06-24 00:00:00,,414  14th ST,,,,,,414,,14th,ST,,NA,No District,5DV.1723,{00000000-0000-0000-0000-000000000000}
198,20th St Gym,160,1992-04-11 00:00:00,,1011  20th ST,,,,,,1011,,20th,ST,,NA,No District,5DV.3353,{00000000-0000-0000-0000-000000000000}
9,1st Church-Christ Scientist,322,1968-10-01 00:00:00,,1401  Logan ST,1415,,,,,1401,,Logan,ST,1415,NA,No District,5DV.914,{00000000-0000-0000-0000-000000000000}
291,7Th Avenue Congregational Church,813,1998-11-20 00:00:00,,678  King  ST,,,,,,678,,King ,ST,,NA,No District,5DV.5278,{00000000-0000-0000-0000-000000000000}
47,Boettcher Memorial Center,654,1973-11-08 00:00:00,,1005  York ST,,,,,,1005,,York,ST,,NA,No District,,{00000000-0000-0000-0000-000000000000}
131,Eisenhower Chapel-Lowry AFB,698,1981-12-24 00:00:00,,293  Roslyn ST,,,,,,293,,Roslyn,ST,,NA,No District,5DV.193,{00000000-0000-0000-0000-000000000000}
162,Windsor Stables Building,554,1985-10-25 00:00:00,,1732  Blake ST,1772,,,,,1732,,Blake,ST,1772,15,LOWER DOWNTOWN,5DV.47.17,{00000000-0000-0000-0000-000000000000}
163,Fire House No. 15,759,1985-12-31 00:00:00,,1080  Clayton ST,,,,,,1080,,Clayton,ST,,NA,No District,5DV.5639,{00000000-0000-0000-0000-000000000000}
164,Hose Company No. 1,83,1986-03-03 00:00:00,,1963  Chestnut PL,,,,,,1963,,Chestnut,PL,,NA,No District,5DV.1949,{00000000-0000-0000-0000-000000000000}
165,Sweet-Miller House,84,1986-03-03 00:00:00,,1075  Humboldt ST,,,,,,1075,,Humboldt,ST,,2,HUMBOLDT STREET,5DV.166.4,{00000000-0000-0000-0000-000000000000}
167,Denver Press Club,649,1986-10-09 00:00:00,,1330  Glenarm PL,,,,,,1330,,Glenarm,PL,,NA,No District,5DV.601,{00000000-0000-0000-0000-000000000000}
168,Temple Emmanuel/Temple Center,161,1987-04-02 00:00:00,,1595  Pearl ST,,,,,,1595,,Pearl,ST,,NA,No District,5DV.715,{00000000-0000-0000-0000-000000000000}
169,Brind Mansion,257,1986-05-19 00:00:00,,1000  Logan ST,,,,,,1000,,Logan,ST,,NA,No District,,{00000000-0000-0000-0000-000000000000}
170,Hannigan/Canino Terrace,264,1987-06-04 00:00:00,,3500  Navajo ST,,,,,,3500,,Navajo,ST,,NA,No District,5DV.2682,{00000000-0000-0000-0000-000000000000}
171,Neusteter Building,701,1988-01-04 00:00:00,,720  16th ST,,,,,,720,,16th,ST,,38,DOWNTOWN DENVER,5DV.496,{00000000-0000-0000-0000-000000000000}
172,Wyatt School,56,1988-02-18 00:00:00,,3620  Franklin ST,,,,,,3620,,Franklin,ST,,NA,No District,5DV.2066,{00000000-0000-0000-0000-000000000000}
173,Milheim House (From 1355 Penn),532,1988-09-09 00:00:00,,1515  Race ST,,,,,,1515,,Race,ST,,22,WYMAN,5DV.4898,{00000000-0000-0000-0000-000000000000}
234,Savage Candy Co. Building,981,1994-12-05 00:00:00,,2162  Lawrence ST,,,,,,2162,,Lawrence,ST,,NA,No District,5DV.3304,{00000000-0000-0000-0000-000000000000}
235,Fire House No. 3,982,1994-12-05 00:00:00,,2500  Washington ST,,,,,,2500,,Washington,ST,,40,WELTON STREET,5DV.9361,{00000000-0000-0000-0000-000000000000}
237,Asbury Elementary School,14,1995-02-03 00:00:00,,1320 E Asbury AVE,,,,,,1320,E,Asbury,AVE,,NA,No District,5DV.2095,{00000000-0000-0000-0000-000000000000}
238,Feldhauser/Baldwin Building,85,1995-02-07 00:00:00,,1617  California ST,,,,,,1617,,California,ST,,38,DOWNTOWN DENVER,5DV.498,{00000000-0000-0000-0000-000000000000}
239,Austin Building,86,1995-02-07 00:00:00,,2400 E Colfax AVE,2418,,,,,2400,E,Colfax,AVE,2418,NA,No District,5DV.4688,{00000000-0000-0000-0000-000000000000}
240,El Jebel Temple,137,1995-03-13 00:00:00,,1770  Sherman ST,,,,,,1770,,Sherman,ST,,NA,No District,5DV.2892,{00000000-0000-0000-0000-000000000000}
241,Steele Elementary,180,1994-03-23 00:00:00,,320 S Marion ST,,,,,,320,S,Marion,ST,,NA,No District,5DV.2087,{00000000-0000-0000-0000-000000000000}
242,Fager Residence,510,1995-07-20 00:00:00,,2947  Umatilla ST,,,,,,2947,,Umatilla,ST,,NA,No District,5DV.3921,{00000000-0000-0000-0000-000000000000}
244,Fire House No. 7,596,1995-08-14 00:00:00,,3600  Tejon ST,,,,,,3600,,Tejon,ST,,NA,No District,5DV.198,{00000000-0000-0000-0000-000000000000}
245,Guadalupe Church,597,1995-08-14 00:00:00,,3559  Kalamath ST,,,,,,3559,,Kalamath,ST,,NA,No District,5DV.358.36,{00000000-0000-0000-0000-000000000000}
246,German House/Denver Turnverein,700,1995-09-13 00:00:00,,1570  Clarkson ST,,,,,,1570,,Clarkson,ST,,NA,No District,5DV.39,{00000000-0000-0000-0000-000000000000}
248,Sherman School,753,1995-09-26 00:00:00,,200  Grant  ST,,,,,,200,,Grant ,ST,,NA,No District,5DV.2086,{00000000-0000-0000-0000-000000000000}
71,Half-Moon House,689,1974-11-19 00:00:00,,3205 W 21st AVE,,,,,,3205,W,21st,AVE,,20,WITTER - COFIELD,5DV.6140,{00000000-0000-0000-0000-000000000000}
68,Voorhees House,736,1974-11-22 00:00:00,,1471  Stuart ST,,,,,,1471,,Stuart,ST,,NA,No District,5DV.656,{00000000-0000-0000-0000-000000000000}
69,Smith House,736,1974-11-22 00:00:00,,1435  Stuart ST,,,,,,1435,,Stuart,ST,,NA,No District,5DV.654,{00000000-0000-0000-0000-000000000000}
70,Raymond House-Castle Marne,736,1974-11-22 00:00:00,,1572  Race ST,,,,,,1572,,Race,ST,,22,WYMAN,5DV.123,{00000000-0000-0000-0000-000000000000}
72,Bliss House,843,1975-01-02 00:00:00,,1389  Stuart ST,,,,,,1389,,Stuart,ST,,NA,No District,5DV.340,{00000000-0000-0000-0000-000000000000}
73,Bosworth House,843,1975-01-02 00:00:00,,1400  Josephine ST,,,,,,1400,,Josephine,ST,,NA,No District,,{00000000-0000-0000-0000-000000000000}
74,Malo House,72,1975-03-14 00:00:00,,500 E 8th AVE,,,,,,500,E,8th,AVE,,21,7TH AVENUE,5DV.952,{00000000-0000-0000-0000-000000000000}
75,John Porter House,72,1975-03-14 00:00:00,,777  Pearl ST,,,,,,777,,Pearl,ST,,21,7TH AVENUE,,{00000000-0000-0000-0000-000000000000}
76,Adams/Fitzell House,72,1975-03-14 00:00:00,,1359  Race ST,,,,,,1359,,Race,ST,,22,WYMAN,,{00000000-0000-0000-0000-000000000000}
77,Dora Moore Elementary School,72,1975-03-14 00:00:00,,846  Corona ST,,,,,,846,,Corona,ST,,NA,No District,5DV.185,{00000000-0000-0000-0000-000000000000}
78,Coyle/Chase House,183,1975-04-24 00:00:00,,532 W 4th AVE,,,,,,532,W,4th,AVE,,NA,No District,5DV.704,{00000000-0000-0000-0000-000000000000}
79,Dunning-Benedict House,244,1975-06-16 00:00:00,,1200  Pennsylvania ST,,,,,,1200,,Pennsylvania,ST,,31,PENNSYLVANIA STREET,5DV.803,{00000000-0000-0000-0000-000000000000}
80,Keating House,244,1975-06-16 00:00:00,,1207  Pennsylvania ST,,,,,,1207,,Pennsylvania,ST,,31,PENNSYLVANIA STREET,5DV.188,{00000000-0000-0000-0000-000000000000}
81,Treat Hall,373,1975-08-15 00:00:00,,1800  Pontiac ST,,,,,,1800,,Pontiac,ST,,NA,No District,5DV.159,{00000000-0000-0000-0000-000000000000}
82,St Lukes Church,409,1975-09-10 00:00:00,,1256  Poplar ST,1270,,,,,1256,,Poplar,ST,1270,NA,No District,,{00000000-0000-0000-0000-000000000000}
83,Frederic Neef House,409,1975-09-10 00:00:00,,2143  Grove ST,,,,,,2143,,Grove,ST,,20,WITTER - COFIELD,5DV.107,{00000000-0000-0000-0000-000000000000}
84,Creswell House,409,1975-09-10 00:00:00,,1244  Grant  ST,,,,,,1244,,Grant ,ST,,NA,No District,5DV.184,{00000000-0000-0000-0000-000000000000}
85,Daly House,410,1975-09-10 00:00:00,,1034  Logan ST,,,,,,1034,,Logan,ST,,NA,No District,,{00000000-0000-0000-0000-000000000000}
87,Gate Lodge-Fairmount Cemetary,4,1976-11-04 00:00:00,,400 S Quebec ST,,,,,,400,S,Quebec,ST,,NA,No District,5DV.733,{00000000-0000-0000-0000-000000000000}
89,Stuart Street House-A,59,1976-02-25 00:00:00,,1444  Stuart ST,,,,,,1444,,Stuart,ST,,NA,No District,5DV.655,{00000000-0000-0000-0000-000000000000}
90,Baker-Plested House,124,1976-03-31 00:00:00,,1208  Logan ST,,,,,,1208,,Logan,ST,,NA,No District,,{00000000-0000-0000-0000-000000000000}
91,The Cornwall,174,1976-04-29 00:00:00,,1317  Ogden ST,,,,,,1317,,Ogden,ST,,NA,No District,5DV.183,{00000000-0000-0000-0000-000000000000}
92,Sykes/Nicholson House,293,1976-06-29 00:00:00,,1410  High ST,,,,,,1410,,High,ST,,22,WYMAN,5DV.752,{00000000-0000-0000-0000-000000000000}
93,Watson House,293,1976-06-29 00:00:00,,1437  High ST,,,,,,1437,,High,ST,,22,WYMAN,5DV.5811,{00000000-0000-0000-0000-000000000000}
94,Kerr House,360,1976-07-30 00:00:00,,1900 E 7th Avenue PKY,,,,,,1900,E,7th Avenue,PKY,,21,7TH AVENUE,5DV.751,{00000000-0000-0000-0000-000000000000}
95,Grant/Humphrey Mansion,475,1976-10-07 00:00:00,,770  Pennsylvania ST,,,,,,770,,Pennsylvania,ST,,21,7TH AVENUE,5DV.194,{00000000-0000-0000-0000-000000000000}
96,Frank Damascio House,13,1977-02-20 00:00:00,,3611  Osage ST,3615,,,,,3611,,Osage,ST,3615,NA,No District,5DV.358.86,{00000000-0000-0000-0000-000000000000}
97,St Thomas Church,151,1977-04-01 00:00:00,,2201  Dexter ST,,,,,,2201,,Dexter,ST,,NA,No District,5DV.8350,{00000000-0000-0000-0000-000000000000}
99,Adolph Zang House,253,1977-05-23 00:00:00,,709  Clarkson ST,,,,,,709,,Clarkson,ST,,21,7TH AVENUE,5DV.177,{00000000-0000-0000-0000-000000000000}
100,Chapel Of Our Merciful Savior,452,1977-08-29 00:00:00,,2222 W 32nd AVE,,,,,,2222,W,32nd,AVE,,NA,No District,5DV.132,{00000000-0000-0000-0000-000000000000}
101,Mt Carmel Church,452,1977-08-29 00:00:00,,3549  Navajo ST,,,,,,3549,,Navajo,ST,,NA,No District,5DV.358.107,{00000000-0000-0000-0000-000000000000}
103,Equitable Building,453,1977-08-29 00:00:00,,730  17th ST,,,,,,730,,17th,ST,,38,DOWNTOWN DENVER,5DV.121,{00000000-0000-0000-0000-000000000000}
104,Gates House,492,1977-09-16 00:00:00,,1365  Josephine ST,1375,,,,,1365,,Josephine,ST,1375,NA,No District,5DV.5291,{00000000-0000-0000-0000-000000000000}
105,Ideal Building,550,1977-10-21 00:00:00,,821  17th ST,827,,,,,821,,17th,ST,827,38,DOWNTOWN DENVER,5DV.125,{00000000-0000-0000-0000-000000000000}
106,Rosenzweig House,550,1977-10-21 00:00:00,,1129 E 17th AVE,,,,,,1129,E,17th,AVE,,NA,No District,5DV.343,{00000000-0000-0000-0000-000000000000}
107,Walter/Bierly House,132,1978-04-04 00:00:00,,2259  Gilpin ST,,,,,,2259,,Gilpin,ST,,NA,No District,5DV.5401,{00000000-0000-0000-0000-000000000000}
175,Paramount Theater,616,1988-10-12 00:00:00,,1621  Glenarm PL,1641,,,,,1621,,Glenarm,PL,1641,38,DOWNTOWN DENVER,5DV.190,{00000000-0000-0000-0000-000000000000}
176,Greenleaf Masonic Temple,37,1989-01-31 00:00:00,,400  Saint Paul ST,,,,,,400,,Saint Paul,ST,,NA,No District,5DV.754,{00000000-0000-0000-0000-000000000000}
177,Scottish Rite Masonic Temple,162,1989-03-29 00:00:00,,1370  Grant  ST,,,,,,1370,,Grant ,ST,,NA,No District,5DV.4341,{00000000-0000-0000-0000-000000000000}
178,Brown Palace Hotel,284,1989-06-13 00:00:00,,321  17th ST,401,,,,,321,,17th,ST,401,38,DOWNTOWN DENVER,5DV.110,{00000000-0000-0000-0000-000000000000}
179,Boston Building,368,1989-07-17 00:00:00,,822  17th ST,830,,,,,822,,17th,ST,830,38,DOWNTOWN DENVER,5DV.108,{00000000-0000-0000-0000-000000000000}
181,Byers Library,525,1989-09-20 00:00:00,,675  Santa Fe DR,,,,,,675,,Santa Fe,DR,,NA,No District,5DV.1660,{00000000-0000-0000-0000-000000000000}
182,Smiley Library,561,1989-10-03 00:00:00,,4501 W 46th AVE,,,,,,4501,W,46th,AVE,,NA,No District,5DV.5307,{00000000-0000-0000-0000-000000000000}
183,Woodbury Library,562,1989-10-03 00:00:00,,3625  Federal  BV,,,,,,3625,,Federal ,BV,,NA,No District,5DV.5320,{00000000-0000-0000-0000-000000000000}
184,Crawford Hill Mansion,676,1989-11-21 00:00:00,,969  Sherman ST,,,,,,969,,Sherman,ST,,33,SHERMAN GRANT,5DV.713,{00000000-0000-0000-0000-000000000000}
185,Guaranty Bank Building,231,1990-04-27 00:00:00,,805  17th ST,,,,,,805,,17th,ST,,38,DOWNTOWN DENVER,5DV.5300,{00000000-0000-0000-0000-000000000000}
186,Fergeson/Gano House,260,1990-05-18 00:00:00,,722 E 7th AVE,,,,,,722,E,7th,AVE,,21,7TH AVENUE,5DV.657,{00000000-0000-0000-0000-000000000000}
187,Annunciation Church,343,1990-06-24 00:00:00,,3601  Humboldt ST,,,,,,3601,,Humboldt,ST,,NA,No District,5DV.3287,{00000000-0000-0000-0000-000000000000}
188,Porter House,375,1990-07-06 00:00:00,,975  Grant  ST,,,,,,975,,Grant ,ST,,33,SHERMAN GRANT,5DV.946,{00000000-0000-0000-0000-000000000000}
190,Moffat Station,405,1990-07-17 00:00:00,,2101  15th ST,,,,,,2101,,15th,ST,,NA,No District,5DV.195,{00000000-0000-0000-0000-000000000000}
191,Field Officers Quarters,702,1990-11-19 00:00:00,,3742 W Princeton CIR,,,,,,3742,W,Princeton,CIR,,NA,No District,5DV.694.11,{00000000-0000-0000-0000-000000000000}
192,East High School,94,1991-02-04 00:00:00,,1545  Detroit ST,,,,,,1545,,Detroit,ST,,NA,No District,5DV.2091,{00000000-0000-0000-0000-000000000000}
193,Cass House,359,1991-06-02 00:00:00,,733 E 8th AVE,,,,,,733,E,8th,AVE,,NA,No District,,{00000000-0000-0000-0000-000000000000}
194,Robinson House,670,1991-10-18 00:00:00,,1225  Pennsylvania ST,,,,,,1225,,Pennsylvania,ST,,31,PENNSYLVANIA STREET,5DV.4334,{00000000-0000-0000-0000-000000000000}
195,Stevens School,756,1991-11-14 00:00:00,,1140  Columbine ST,,,,,,1140,,Columbine,ST,,NA,No District,5DV.720,{00000000-0000-0000-0000-000000000000}
196,Auditorium Theater,784,1991-11-14 00:00:00,,920  14th ST,,,,,,920,,14th,ST,,38,DOWNTOWN DENVER,5DV.521,{00000000-0000-0000-0000-000000000000}
197,South High School,785,1991-11-14 00:00:00,,1700 E Louisiana  AVE,,,,,,1700,E,Louisiana ,AVE,,NA,No District,5DV.2092,{00000000-0000-0000-0000-000000000000}
199,Brown/Garrey/Congdon House,322,1992-06-23 00:00:00,,1300 E 7th AVE,,,,,,1300,E,7th,AVE,,21,7TH AVENUE,,{00000000-0000-0000-0000-000000000000}
200,Smedley Elementary School,340,1992-06-23 00:00:00,,4250  Shoshone ST,,,,,,4250,,Shoshone,ST,,NA,No District,5DV.2072,{00000000-0000-0000-0000-000000000000}
201,Jane Silverstien Ries House,460,1992-06-25 00:00:00,,737  Franklin ST,,,,,,737,,Franklin,ST,,21,7TH AVENUE,,{00000000-0000-0000-0000-000000000000}
202,West High School,724,1992-10-22 00:00:00,,951  Elati ST,,,,,,951,,Elati,ST,,NA,No District,5DV.22,{00000000-0000-0000-0000-000000000000}
203,Ashley Elementary School,896,1992-12-11 00:00:00,,1914  Syracuse ST,,,,,,1914,,Syracuse,ST,,NA,No District,5DV.2068,{00000000-0000-0000-0000-000000000000}
204,Ebert Elementary,14,1993-01-25 00:00:00,,410  Park Avenue West ,,,,,,410,,Park Avenue ,,,NA,No District,5DV.2083,{00000000-0000-0000-0000-000000000000}
205,Huddart/Lydon House,15,1993-01-25 00:00:00,,2418  Stout ST,,,,,,2418,,Stout,ST,,26,CURTIS PARK - A,5DV.103.15,{00000000-0000-0000-0000-000000000000}
206,Douglass Undertaking Building,237,1993-04-22 00:00:00,,2745  Welton ST,,,,,,2745,,Welton,ST,,40,WELTON STREET,5DV.751,{00000000-0000-0000-0000-000000000000}
207,Cody House,445,1993-06-21 00:00:00,,2932  Lafayette ST,,,,,,2932,,Lafayette,ST,,NA,No District,5DV.7008,{00000000-0000-0000-0000-000000000000}
209,Whitehead/Peabody House,534,1993-07-19 00:00:00,,1128  Grant  ST,,,,,,1128,,Grant ,ST,,NA,No District,5DV.6954,{00000000-0000-0000-0000-000000000000}
211,Grant Middle School,835,1993-11-09 00:00:00,,1751 S Washington ST,,,,,,1751,S,Washington,ST,,NA,No District,,{00000000-0000-0000-0000-000000000000}
212,Skinner Middle School,835,1993-11-09 00:00:00,,3435 W 40th AVE,,,,,,3435,W,40th,AVE,,NA,No District,5DV.4031,{00000000-0000-0000-0000-000000000000}
213,Romeo Block,836,1993-11-09 00:00:00,,2944  Zuni ST,2958,,,,,2944,,Zuni,ST,2958,NA,No District,5DV.590,{00000000-0000-0000-0000-000000000000}
214,Denver Dry Building,57,1994-02-28 00:00:00,,700  16th ST,,,,,,700,,16th,ST,,38,DOWNTOWN DENVER,5DV.135,{00000000-0000-0000-0000-000000000000}
215,Blue Bird Theater,250,1994-05-18 00:00:00,,3315 E Colfax AVE,3317,,,,,3315,E,Colfax,AVE,3317,NA,No District,5DV.4519,{00000000-0000-0000-0000-000000000000}
216,Tramway Building,329,1994-05-18 00:00:00,,1100  14th ST,,,,,,1100,,14th,ST,,38,DOWNTOWN DENVER,5DV.140,{00000000-0000-0000-0000-000000000000}
217,House With Round Window,330,1994-05-18 00:00:00,,3240 W Hayward PL,,,,,,3240,W,Hayward,PL,,NA,No District,5DV.2788,{00000000-0000-0000-0000-000000000000}
218,Morey Middle School,464,1994-05-18 00:00:00,,840 E 14th AVE,,,,,,840,E,14th,AVE,,NA,No District,5DV.2090,{00000000-0000-0000-0000-000000000000}
220,Chamberlain Observatory,598,1994-09-01 00:00:00,,2930 E Warren AVE,,,,,,2930,E,Warren,AVE,,NA,No District,5DV.187,{00000000-0000-0000-0000-000000000000}
221,Graham/Bible House-City Park,676,1994-09-16 00:00:00,,2080  York ST,,,,,,2080,,York,ST,,NA,No District,5DV.6041,{00000000-0000-0000-0000-000000000000}
223,Nursery Building,678,1994-09-16 00:00:00,,888 E Iliff  AVE,,,,,,888,E,Iliff ,AVE,,NA,No District,5DV.5336,{00000000-0000-0000-0000-000000000000}
225,American National Bank,754,1994-10-12 00:00:00,,818  17th ST,,,,,,818,,17th,ST,,38,DOWNTOWN DENVER,5DV.1727,{00000000-0000-0000-0000-000000000000}
226,Park Hill Elementary,836,1994-11-02 00:00:00,,5050 E 19th AVE,,,,,,5050,E,19th,AVE,,NA,No District,5DV.2084,{00000000-0000-0000-0000-000000000000}
228,Joshel House,891,1994-11-10 00:00:00,,220 S Dahlia  ST,,,,,,220,S,Dahlia ,ST,,NA,No District,5DV.4787,{00000000-0000-0000-0000-000000000000}
229,Cory Elementary School,928,1994-11-22 00:00:00,,1550 S Steele ST,,,,,,1550,S,Steele,ST,,NA,No District,,{00000000-0000-0000-0000-000000000000}
230,Merrill Middle School,929,1994-11-22 00:00:00,,1551 S Monroe  ST,,,,,,1551,S,Monroe ,ST,,NA,No District,,{00000000-0000-0000-0000-000000000000}
108,Stearns House,386,1978-07-28 00:00:00,,1030  Logan ST,,,,,,1030,,Logan,ST,,NA,No District,5DV.341,{00000000-0000-0000-0000-000000000000}
109,Wells Fargo Building,529,1978-10-09 00:00:00,,1338  15th ST,,,,,,1338,,15th,ST,,15,LOWER DOWNTOWN,5DV.47.8,{00000000-0000-0000-0000-000000000000}
110,Frank E. Edbrooke House,729,1978-12-21 00:00:00,,931 E 17th AVE,,,,,,931,E,17th,AVE,,35,SWALLOW HILL,5DV.2730,{00000000-0000-0000-0000-000000000000}
111,Kenehan House,729,1978-12-21 00:00:00,,1390  Stuart ST,,,,,,1390,,Stuart,ST,,NA,No District,5DV.653,{00000000-0000-0000-0000-000000000000}
112,Woodbury House,769,1979-01-04 00:00:00,,2841  Perry ST,,,,,,2841,,Perry,ST,,NA,No District,5DV.2821,{00000000-0000-0000-0000-000000000000}
250,Edward L. Fox House,901,1995-11-06 00:00:00,,3225  Quivas ST,,,,,,3225,,Quivas,ST,,NA,No District,,{00000000-0000-0000-0000-000000000000}
251,Cole-Derose Apartment House,902,1995-11-06 00:00:00,,1940 W 33rd AVE,1946,,,,,1940,W,33rd,AVE,1946,NA,No District,5DV.358.64,{00000000-0000-0000-0000-000000000000}
252,Conine-Horan House,903,1995-11-06 00:00:00,,2839  Wyandot ST,,,,,,2839,,Wyandot,ST,,NA,No District,5DV.358.88,{00000000-0000-0000-0000-000000000000}
253,Elitch Theater,904,1995-11-06 00:00:00,,4550 W 38th AVE,,,,,,4550,W,38th,AVE,,NA,No District,5DV.143,{00000000-0000-0000-0000-000000000000}
254,Lorenzo Benson House,945,1995-11-17 00:00:00,,1301  Elizabeth ST,1305,,,,,1301,,Elizabeth,ST,1305,NA,No District,,{00000000-0000-0000-0000-000000000000}
256,Crescent Hand Laundry,55,1996-01-22 00:00:00,,2323 W 30th AVE,2327,,,,,2323,W,30th,AVE,2327,NA,No District,5DV.358.58,{00000000-0000-0000-0000-000000000000}
257,Elyria School,56,1996-01-22 00:00:00,,4725  High ST,,,,,,4725,,High,ST,,NA,No District,5DV.36,{00000000-0000-0000-0000-000000000000}
260,Fire Station No. 14,268,1996-04-10 00:00:00,,1426  Oneida ST,,,,,,1426,,Oneida,ST,,NA,No District,,{00000000-0000-0000-0000-000000000000}
261,Fire Station No. 11,269,1996-04-10 00:00:00,,40 W 2nd AVE,,,,,,40,W,2nd,AVE,,37,BAKER,5DV.9359,{00000000-0000-0000-0000-000000000000}
262,Fire Station No. 18,270,1996-04-10 00:00:00,,2205  Colorado BLVD,,,,,,2205,,Colorado,BLVD,,NA,No District,5DV.5987,{00000000-0000-0000-0000-000000000000}
263,Hover/Bromley Building,271,1996-04-10 00:00:00,,1348  Lawrence ST,,,,,,1348,,Lawrence,ST,,38,DOWNTOWN DENVER,5DV.1719,{00000000-0000-0000-0000-000000000000}
264,Berkeley School,573,1996-07-05 00:00:00,,5025  Lowell BV,5045,,,,,5025,,Lowell,BV,5045,NA,No District,5DV.4904,{00000000-0000-0000-0000-000000000000}
265,Bryant-Webster School,574,1996-07-05 00:00:00,,3635  Quivas ST,,,,,,3635,,Quivas,ST,,NA,No District,5DV.378,{00000000-0000-0000-0000-000000000000}
266,North High School,760,1996-09-10 00:00:00,,2960  Speer BV,,,,,,2960,,Speer,BV,,NA,No District,5DV.89,{00000000-0000-0000-0000-000000000000}
267,Margery Reed Mayo Day Nursery,761,1996-09-26 00:00:00,,1128  28th ST,,,,,,1128,,28th,ST,,NA,No District,5DV.5096,{00000000-0000-0000-0000-000000000000}
268,St Dominics Church,762,1996-09-26 00:00:00,,2905  Federal  BV,,,,,,2905,,Federal ,BV,,NA,No District,5DV.606,{00000000-0000-0000-0000-000000000000}
269,Lake Middle School,498,1996-06-21 00:00:00,,1820  Lowell BV,,,,,,1820,,Lowell,BV,,NA,No District,5DV.668,{00000000-0000-0000-0000-000000000000}
270,Enos House,497,1996-06-21 00:00:00,,841  Washington ST,,,,,,841,,Washington,ST,,NA,No District,,{00000000-0000-0000-0000-000000000000}
271,Byers Junior High School,971,1996-11-14 00:00:00,,150 S Pearl  ST,,,,,,150,S,Pearl ,ST,,NA,No District,5DV.2099,{00000000-0000-0000-0000-000000000000}
272,Edison Elementary School,986,1996-12-05 00:00:00,,3350  Quitman ST,,,,,,3350,,Quitman,ST,,NA,No District,5DV.635,{00000000-0000-0000-0000-000000000000}
273,Ice House,1089,1996-12-18 00:00:00,,1801  Wynkoop ST,,,,,,1801,,Wynkoop,ST,,NA,No District,5DV.878,{00000000-0000-0000-0000-000000000000}
274,Huddart Terrace,98,1997-02-14 00:00:00,,625 E 16th AVE,,,,,,625,E,16th,AVE,,NA,No District,,{00000000-0000-0000-0000-000000000000}
275,Milo Smith House,99,1997-02-14 00:00:00,,1360  Birch  ST,,,,,,1360,,Birch ,ST,,NA,No District,5DV.5178,{00000000-0000-0000-0000-000000000000}
276,Shorter Ame Church,224,1997-04-22 00:00:00,,119  Park Avenue West ,,,,,,119,,Park Avenue ,,,NA,No District,5DV.5305,{00000000-0000-0000-0000-000000000000}
277,Benjamin Brown House,223,1997-04-22 00:00:00,,410  Marion ST,,,,,,410,,Marion,ST,,43,DRIVING PARK,,{00000000-0000-0000-0000-000000000000}
278,Cuthbert-Dines House,343,1997-06-06 00:00:00,,1350  Logan ST,,,,,,1350,,Logan,ST,,NA,No District,5DV.743,{00000000-0000-0000-0000-000000000000}
279,Helene Apartments,344,1997-06-06 00:00:00,,1062  Pearl ST,,,,,,1062,,Pearl,ST,,NA,No District,5DV.5249,{00000000-0000-0000-0000-000000000000}
280,Kinneavy Terrace,430,1997-07-03 00:00:00,,2700  Stout ST,2714,,,,,2700,,Stout,ST,2714,48,CURTIS PARK - E,,{00000000-0000-0000-0000-000000000000}
281,Fifth Church Of Christ Scientist,486,1997-08-01 00:00:00,,1477  Columbine ST,,,,,,1477,,Columbine,ST,,NA,No District,,{00000000-0000-0000-0000-000000000000}
282,Arthur E. Pierce House,801,1997-11-14 00:00:00,,24 E Ellsworth  AVE,,,,,,24,E,Ellsworth ,AVE,,NA,No District,,{00000000-0000-0000-0000-000000000000}
285,Lincoln Elementary School,399,1998-06-19 00:00:00,,710 S Pennsylvania  ST,,,,,,710,S,Pennsylvania,ST,,NA,No District,5DV.2070,{00000000-0000-0000-0000-000000000000}
286,Ross-Lewin Double,400,1998-06-19 00:00:00,,1912  Logan ST,1918,,,,,1912,,Logan,ST,1918,NA,No District,5DV.2894,{00000000-0000-0000-0000-000000000000}
287,Westside Courthouse,478,1998-07-17 00:00:00,,924 W Colfax AVE,,,,,,924,W,Colfax,AVE,,NA,No District,5DV.7045,{00000000-0000-0000-0000-000000000000}
288,Grant House,479,1998-07-17 00:00:00,,100 S Franklin ST,,,,,,100,S,Franklin,ST,,NA,No District,5DV.6960,{00000000-0000-0000-0000-000000000000}
289,Highlands United Methodist Church,547,1998-08-14 00:00:00,,3131  Osceola ST,,,,,,3131,,Osceola,ST,,46,WOLFF PLACE,5DV.632,{00000000-0000-0000-0000-000000000000}
290,Hayes Townhouses,736,1998-11-05 00:00:00,,1726  Pearl ST,1738,,,,,1726,,Pearl,ST,1738,NA,No District,5DV.2706,{00000000-0000-0000-0000-000000000000}
292,Arcanum-Beldame Apartments,30,1999-10-08 00:00:00,,1904  Logan ST,,,,,,1904,,Logan,ST,,NA,No District,5DV.2578,{00000000-0000-0000-0000-000000000000}
294,Epworth Church/Community Center,436,1999-06-11 00:00:00,,1130  31st ST,,,,,,1130,,31st,ST,,NA,No District,5DV.8177,{00000000-0000-0000-0000-000000000000}
127,Fleming House,371,1981-07-28 00:00:00,,1133  Pennsylvania ST,,,,,,1133,,Pennsylvania,ST,,31,PENNSYLVANIA STREET,5DV.661,{00000000-0000-0000-0000-000000000000}
33,Croke/Patterson House,457,1973-07-16 00:00:00,,420 E 11th AVE,428,,,,,420,E,11th,AVE,428,31,PENNSYLVANIA STREET,5DV.172,{00000000-0000-0000-0000-000000000000}
40,McKay House,653,1973-11-08 00:00:00,,3359  Alcott ST,,,,,,3359,,Alcott,ST,,13,POTTER HIGHLANDS,5DV.85.46,{00000000-0000-0000-0000-000000000000}
148,McKibben Building,55,1983-02-10 00:00:00,,1411  Larimer ST,,,,,,1411,,Larimer,ST,,1,LARIMER SQUARE,5DV.104.3,{00000000-0000-0000-0000-000000000000}
21,Navarre Building,470,1971-12-09 00:00:00,,1725  Tremont PL,,,,,,1725,,Tremont,PL,,38,DOWNTOWN DENVER,5DV.124,{00000000-0000-0000-0000-000000000000}
22,Smith House,471,1971-12-09 00:00:00,,1801  York ST,,,,,,1801,,York,ST,,NA,No District,5DV.907,{00000000-0000-0000-0000-000000000000}
23,Pope/Thompson/Wasson House,166,1972-05-24 00:00:00,,1320  Race ST,,,,,,1320,,Race,ST,,22,WYMAN,,{00000000-0000-0000-0000-000000000000}
24,Denver Tramway Power Plant,212,1972-05-25 00:00:00,,1416  Platte ST,,,,,,1416,,Platte,ST,,NA,No District,5DV.541,{00000000-0000-0000-0000-000000000000}
25,Pearce/Mccallister House,328,1972-08-17 00:00:00,,1880  Gaylord ST,,,,,,1880,,Gaylord,ST,,NA,No District,5DV.126,{00000000-0000-0000-0000-000000000000}
26,Tivoli Brewery,329,1972-08-17 00:00:00,,1318  10th ST,1342,,,,,1318,,10th,ST,1342,NA,No District,5DV.119,{00000000-0000-0000-0000-000000000000}
27,Buckhorn Exchange,330,1972-08-17 00:00:00,,1000  Osage ST,,,,,,1000,,Osage,ST,,NA,No District,5DV.700,{00000000-0000-0000-0000-000000000000}
29,Tears/Mcfarlane House,635,1973-02-06 00:00:00,,1290  Williams ST,,,,,,1290,,Williams,ST,,NA,No District,5DV.180,{00000000-0000-0000-0000-000000000000}
30,Odd Fellows Hall,646,1973-01-22 00:00:00,,1543  Champa ST,1545,,,,,1543,,Champa,ST,1545,38,DOWNTOWN DENVER,5DV.491,{00000000-0000-0000-0000-000000000000}
31,Tramway Cable Building,645,1972-01-22 00:00:00,,1801  Lawrence ST,,,,,,1801,,Lawrence,ST,,NA,No District,5DV.117,{00000000-0000-0000-0000-000000000000}
32,Richthofen Castle,249,1973-06-11 00:00:00,,7020 E 12th AVE,,,,,,7020,E,12th,AVE,,5,MONTCLAIR,5DV.158,{00000000-0000-0000-0000-000000000000}
35,Sacred Heart Church,529,1973-08-31 00:00:00,,2760  Larimer ST,,,,,,2760,,Larimer,ST,,NA,No District,5DV.5993,{00000000-0000-0000-0000-000000000000}
36,Thomas Hornsby Ferrill House,530,1973-08-31 00:00:00,,2123  Downing ST,,,,,,2123,,Downing,ST,,NA,No District,5DV.202.18,{00000000-0000-0000-0000-000000000000}
37,Asbury Methodist Church,653,1973-11-01 00:00:00,,2205 W 30th AVE,,,,,,2205,W,30th,AVE,,NA,No District,5DV.358.106,{00000000-0000-0000-0000-000000000000}
38,Herman Heiser House,653,1973-11-01 00:00:00,,3016  Osceola ST,,,,,,3016,,Osceola,ST,,46,WOLFF PLACE,5DV.631,{00000000-0000-0000-0000-000000000000}
39,Queree House,653,1973-11-01 00:00:00,,2914 W 29th AVE,,,,,,2914,W,29th,AVE,,NA,No District,5DV.2748,{00000000-0000-0000-0000-000000000000}
41,Cox House,653,1973-11-01 00:00:00,,3417  Lowell BV,,,,,,3417,,Lowell,BV,,NA,No District,5DV.620,{00000000-0000-0000-0000-000000000000}
42,Cox Gargoyle House,653,1973-11-01 00:00:00,,3425  Lowell BV,,,,,,3425,,Lowell,BV,,NA,No District,5DV.621,{00000000-0000-0000-0000-000000000000}
43,Miller House,653,1973-11-01 00:00:00,,2501  High ST,,,,,,2501,,High,ST,,NA,No District,5DV.6991,{00000000-0000-0000-0000-000000000000}
44,John Brisbane Walker House,653,1973-11-08 00:00:00,,3520  Newton ST,,,,,,3520,,Newton,ST,,NA,No District,5DV.630,{00000000-0000-0000-0000-000000000000}
45,Cheesman Park Memorial,654,1973-11-01 00:00:00,,1000  High ST,,,,,,1000,,High,ST,,NA,No District,5DV.5308,{00000000-0000-0000-0000-000000000000}
46,Botanic Gardens House,654,1973-11-08 00:00:00,,909  York ST,,,,,,909,,York,ST,,8,MORGAN'S SUBDIVISION,5DV.182,{00000000-0000-0000-0000-000000000000}
48,Eugene Field House,654,1973-11-01 00:00:00,,701 S Franklin ST,,,,,,701,S,Franklin,ST,,NA,No District,5DV.173,{00000000-0000-0000-0000-000000000000}
50,Montclair Community Center,654,1973-11-08 00:00:00,,6820 E 12th AVE,,,,,,6820,E,12th,AVE,,5,MONTCLAIR,5DV.709.7,{00000000-0000-0000-0000-000000000000}
51,James Fleming House,654,1973-11-08 00:00:00,,1501 S Logan ST,,,,,,1501,S,Logan,ST,,NA,No District,5DV.8176,{00000000-0000-0000-0000-000000000000}
52,Dennis Sheedy House,31,1974-01-23 00:00:00,,1115  Grant  ST,1121,,,,,1115,,Grant ,ST,1121,33,SHERMAN GRANT,5DV.740,{00000000-0000-0000-0000-000000000000}
53,Fire House No. 1,58,1974-02-11 00:00:00,,1326  Tremont PL,,,,,,1326,,Tremont,PL,,NA,No District,5DV.152,{00000000-0000-0000-0000-000000000000}
54,Hallet House,81,1974-02-26 00:00:00,,900  Logan ST,,,,,,900,,Logan,ST,,19,QUALITY HILL,,{00000000-0000-0000-0000-000000000000}
55,Campbell House,81,1974-02-26 00:00:00,,940  Logan ST,,,,,,940,,Logan,ST,,19,QUALITY HILL,5DV.172?,{00000000-0000-0000-0000-000000000000}
57,Clemes-Lipe House,81,1974-02-26 00:00:00,,901  Pennsylvania ST,,,,,,901,,Pennsylvania,ST,,19,QUALITY HILL,,{00000000-0000-0000-0000-000000000000}
58,Taylor House,81,1974-02-26 00:00:00,,945  Pennsylvania ST,,,,,,945,,Pennsylvania,ST,,19,QUALITY HILL,5DV.5403,{00000000-0000-0000-0000-000000000000}
334,Beth Eden Baptist Church,292,2014-05-19 00:00:00,,3241 Lowell BLVD,,,,,,3241,,Lowell,BLVD,,NA,No District,5DV.10643?,{00000000-0000-0000-0000-000000000000}
315,Catherine Mullen Nurses Home,27,2006-01-23 00:00:00,,1895 N Franklin ST,,,,,,1895,N,Franklin,ST,,NA,No District,,{00000000-0000-0000-0000-000000000000}
88,Ivy Chapel-Fairmount Cemetery,4,1976-11-04 00:00:00,,400 S Quebec ST,,,,,,400,S,Quebec,ST,,NA,No District,5DV.734,{00000000-0000-0000-0000-000000000000}
180,Park Hill Library,524,1989-09-20 00:00:00,,2000  Dexter ST,,,,,,2000,,Dexter,ST,,NA,No District,,{00000000-0000-0000-0000-000000000000}
227,Ogden Theater,387,1994-11-02 00:00:00,,935 E Colfax AVE,,,,,,935,E,Colfax,AVE,,NA,No District,5DV.2609,{00000000-0000-0000-0000-000000000000}
259,Cranmer House,197,1996-03-08 00:00:00,,200  Cherry  ST,,,,,,200,,Cherry ,ST,,NA,No District,,{00000000-0000-0000-0000-000000000000}
303,Evans School,1028,2001-12-31 00:00:00,,1115  Acoma ST,,,,,,1115,,Acoma,ST,,NA,No District,5DV.155,{00000000-0000-0000-0000-000000000000}
129,Wheeler Block,597,1981-11-20 00:00:00,,2150 W 29th AVE,,,,,,2150,W,29th,AVE,,NA,No District,5DV.358.101,{00000000-0000-0000-0000-000000000000}
311,Denver Union Station,705,2004-10-05 00:00:00,,1701  Wynkoop ST,1777,,,,,1701,,Wynkoop,ST,1777,NA,No District,5DV.114,{00000000-0000-0000-0000-000000000000}
298,Bethesda Gateway and Chapel,268,2000-04-07 00:00:00,,4400 E Iliff  AVE,,,,,,4400,E,Iliff ,AVE,,NA,No District,,{00000000-0000-0000-0000-000000000000}
102,St Patricks Church,452,1977-08-29 00:00:00,,3301  Pecos ST,3325,,,,,3301,,Pecos,ST,3325,NA,No District,5DV.109,{00000000-0000-0000-0000-000000000000}
224,Golda Meir House,737,1994-10-12 00:00:00,,1146  9th ST,,,,,,1146,,9th,ST,,NA,No District,5DV.328,{00000000-0000-0000-0000-000000000000}
249,Alexander Cowie House,900,1995-11-06 00:00:00,,3147  Umatilla ST,,,,,,3147,,Umatilla,ST,,NA,No District,5DV.358.36,{00000000-0000-0000-0000-000000000000}
236,"CF Holmes, Jr. House",983,1994-12-05 00:00:00,,2330  Downing ST,,,,,,2330,,Downing,ST,,NA,No District,5DV.6969,{00000000-0000-0000-0000-000000000000}
247,Horace Mann Middle School,709,1995-09-11 00:00:00,,4130  Navajo ST,,,,,,4130,,Navajo,ST,,NA,No District,5DV.2077,{00000000-0000-0000-0000-000000000000}
333,Dr. Margaret Long House,183,2013-04-12 00:00:00,18343,2070 N. Colorado Blvd.,,,,,,2070,N,Colorado,BLVD,,NA,No District,5DV.66,{00000000-0000-0000-0000-000000000000}
114,Thomas M. Field House (Site - Demolished),79,1979-02-23 00:00:00,,2305 S. Washington ST,,No longer valid,,,,,,,,,NA,No District,,{00000000-0000-0000-0000-000000000000}
34,Forster-McCauley-Symes-French Consulate House,458,1973-07-16 00:00:00,,736  Pearl ST,738,,,,,736,,Pearl,ST,738,21,7TH AVENUE,,{00000000-0000-0000-0000-000000000000}
146,Gallup-Stanbury Building,53,1983-02-10 00:00:00,,1445  Larimer ST,1451,,,,,1445,,Larimer,ST,1451,1,LARIMER SQUARE,5DV.104.10,{00000000-0000-0000-0000-000000000000}
208,McBird House,446,1993-06-21 00:00:00,,2225  Downing ST,,,,,,2225,,Downing,ST,,NA,No District,5DV.4854,{00000000-0000-0000-0000-000000000000}
61,McCrary Building,349,1974-05-28 00:00:00,,1634  Market ST,1638,,,,,1634,,Market,ST,1638,15,LOWER DOWNTOWN,,{00000000-0000-0000-0000-000000000000}
56,McKinley Mansion,81,1974-02-26 00:00:00,,948  Logan ST,952,,,,,948,,Logan,ST,952,19,QUALITY HILL,,{00000000-0000-0000-0000-000000000000}
86,McNeil House,591,1975-12-19 00:00:00,,930  Logan ST,,,,,,930,,Logan,ST,,19,QUALITY HILL,,{00000000-0000-0000-0000-000000000000}
135,Peter McCourt House,185,1982-04-16 00:00:00,,1471  High ST,,,,,,1471,,High,ST,,22,WYMAN,5DV.1475,{00000000-0000-0000-0000-000000000000}
255,Sayre's Alhambra,966,1995-11-29 00:00:00,,801  Logan ST,,,,,,801,,Logan,ST,,NA,No District,5DV.741,{00000000-0000-0000-0000-000000000000}
16,Evans Chapel,107,1969-04-25 00:00:00,,2199 S Race ST,,,,,,,,Denver Univ,,,NA,No District,5DV.174,{00000000-0000-0000-0000-000000000000}
243,Talmage & Boyer Terrace & Commercial Block,511,1985-07-20 00:00:00,,2925 N Wyandot ST,,,,,,2925,N,Wyandot,ST,,NA,No District,,{00000000-0000-0000-0000-000000000000}
28,US Mint,331,1972-08-17 00:00:00,,320 W Colfax AVE,,,,,,320,W,Colfax,AVE,,6,CIVIC CENTER,5DV.164,{00000000-0000-0000-0000-000000000000}
65,US Post Office,506,1974-09-11 00:00:00,,1823  Stout ST,,,,,,1823,,Stout,ST,,NA,No District,5DV.201,{00000000-0000-0000-0000-000000000000}
258,The Aldine,196,1996-03-08 00:00:00,,1001 E 17th AVE,1021,,,,,1001,E,17th,AVE,1021,35,SWALLOW HILL,5DV.660,{00000000-0000-0000-0000-000000000000}
331,The Waldman,540,2011-10-24 00:00:00,,1515 E 9th AVE,,,,,,1515,E,9th,AVE,,NA,No District,,{00000000-0000-0000-0000-000000000000}
166,1st And Broadway Building,289,1986-05-21 00:00:00,,101  Broadway,115,,,,,101,,Broadway,ST,115,NA,No District,5DV.53,{00000000-0000-0000-0000-000000000000}
231,Boat House Pavilion,930,1994-11-22 00:00:00,,691 S Franklin ST,,,,,,,,Washington P,,,NA,No District,5DV.5333,{00000000-0000-0000-0000-000000000000}
222,Bath House,677,1994-09-16 00:00:00,,600 S Marion ST,,,,,,,,Washington P,,,NA,No District,5DV.5333,{00000000-0000-0000-0000-000000000000}
154,Mayan Theater,83,1984-03-07 00:00:00,,110  Broadway,,,,,,110,,Broadway,ST,,NA,No District,5DV.52,{00000000-0000-0000-0000-000000000000}
323,Hangar 61,724,2007-12-03 00:00:00,,8700 E 21st AVE,,,,,,8700,E,21st,AVE,,NA,No District,,{00000000-0000-0000-0000-000000000000}
189,Greeters of America,404,1990-07-17 00:00:00,,1740  Ulster  ST,1760,,,,,1740,,Ulster ,ST,1760,NA,No District,5DV.3401,{00000000-0000-0000-0000-000000000000}
293,Steck Elementary School,389,1999-05-28 00:00:00,,425  Ash ST,,,,,,425,,Ash,ST,,NA,No District,5DV.2073,{00000000-0000-0000-0000-000000000000}
295,Dugal Farmhouse,530,1999-07-23 00:00:00,,4775 E 6th AVE,,,,,,4775,E,6th,AVE,,NA,No District,,{00000000-0000-0000-0000-000000000000}
296,Leeman Auto Company Building,654,1999-09-07 00:00:00,,550  Broadway ST,,,,,,550,,Broadway,ST,,NA,No District,5DV.6140,{00000000-0000-0000-0000-000000000000}
297,Amos B. Hughes House,655,1999-09-07 00:00:00,,3600  Clay ST,,,,,,3600,,Clay,ST,,13,POTTER HIGHLANDS,5DV.85.59,{00000000-0000-0000-0000-000000000000}
299a,Ten-Winkel Towers,202,2000-03-10 00:00:00,,404 W 12th AVE,410,,,,,404,W,12th,AVE,410,NA,No District,5DV.8359,{00000000-0000-0000-0000-000000000000}
299b,Carpenter Gothic Houses,202,2000-03-10 00:00:00,,1173  Delaware  ST,1179,,,,,1173,,Delaware ,ST,1179,NA,No District,,{00000000-0000-0000-0000-000000000000}
300,The Colonnade,378,2000-05-26 00:00:00,,1210 E Colfax AVE,,,,,,1210,E,Colfax,AVE,,NA,No District,5DV.2611,{00000000-0000-0000-0000-000000000000}
301,Aromor Apartment Building,402,2000-06-02 00:00:00,,225 E 13th AVE,,,,,,225,E,13th,AVE,,NA,No District,5DV.3269,{00000000-0000-0000-0000-000000000000}
302,1750 Gilpin Building,766,2000-10-06 00:00:00,,1750  Gilpin ST,,,,,,1750,,Gilpin,ST,,NA,No District,5DV.2251,{00000000-0000-0000-0000-000000000000}
304,Hamilton Apartment Building,313,2002-07-25 00:00:00,,1475  Humboldt ST,,,,,,1475,,Humboldt,ST,,NA,No District,5DV.2658,{00000000-0000-0000-0000-000000000000}
1,Emmanuel/Sherith Chapel,1,1968-01-10 00:00:00,,1201  10th ST,,,,,,1201,,10th,ST,,NA,No District,5DV.120,{00000000-0000-0000-0000-000000000000}
2,Constitution Hall (Site - Demolished),2,1968-01-10 00:00:00,,1501  Blake ST,1507,,,,,1501,,Blake,ST,1507,15,LOWER DOWNTOWN,5DV.467 De-listed,{00000000-0000-0000-0000-000000000000}
3,Governors Mansion,3,1968-01-10 00:00:00,,400 E 8th AVE,,,,,,400,E,8th,AVE,,21,7TH AVENUE,5DV.169,{00000000-0000-0000-0000-000000000000}
4,St Johns Episcopal Church,123,1968-05-01 00:00:00,,1313  Clarkson ST,,,,,,1313,,Clarkson,ST,,NA,No District,5DV.171,{00000000-0000-0000-0000-000000000000}
5,Immaculate Conception,124,1968-05-01 00:00:00,,401 E Colfax AVE,,,,,,401,E,Colfax,AVE,,NA,No District,5DV.111,{00000000-0000-0000-0000-000000000000}
6,Byers/Evans House,125,1968-05-01 00:00:00,,1310  Bannock ST,,,,,,1310,,Bannock,ST,,6,CIVIC CENTER,5DV.163,{00000000-0000-0000-0000-000000000000}
7,Trinity Methodist Church,126,1968-05-01 00:00:00,,1820  Broadway ST,,,,,,1820,,Broadway,ST,,38,DOWNTOWN DENVER,5DV.115,{00000000-0000-0000-0000-000000000000}
8,First Baptist Church,321,1968-10-01 00:00:00,,1373  Grant  ST,,,,,,1373,,Grant ,ST,,6,CIVIC CENTER,5DV.5990,{00000000-0000-0000-0000-000000000000}
10,Daniels And Fisher Tower,420,1968-12-27 00:00:00,,1101  16th ST,,,,,,1101,,16th,ST,,38,DOWNTOWN DENVER,5DV.118,{00000000-0000-0000-0000-000000000000}
11,Denver Womens Press Club,421,1968-12-27 00:00:00,,1325  Logan ST,,,,,,1325,,Logan,ST,,NA,No District,5DV.742,{00000000-0000-0000-0000-000000000000}
12,Four Mile House,422,1968-12-27 00:00:00,,715 S Forest  ST,,,,,,715,S,Forest ,ST,,NA,No District,5DV.7,{00000000-0000-0000-0000-000000000000}
13,Zion Baptist Church,104,1969-04-25 00:00:00,,933 E 24th AVE,,,,,,933,E,24th,AVE,,NA,No District,5DV.202.2,{00000000-0000-0000-0000-000000000000}
14,St Elizabeths Church,105,1969-04-25 00:00:00,,1060  11th ST,,,,,,1060,,11th,ST,,NA,No District,5DV.128,{00000000-0000-0000-0000-000000000000}
15,S. Broadway Christian Church,106,1969-04-25 00:00:00,,23  Lincoln ST,25,,,,,23,,Lincoln,ST,25,NA,No District,5DV.730,{00000000-0000-0000-0000-000000000000}
17,St Marks Church,50,1970-02-18 00:00:00,,1160  Lincoln ST,,,,,,1160,,Lincoln,ST,,NA,No District,5DV.170,{00000000-0000-0000-0000-000000000000}
18,Scott Methodist Church,51,1970-02-18 00:00:00,,2201  Ogden ST,,,,,,2201,,Ogden,ST,,NA,No District,5DV.127,{00000000-0000-0000-0000-000000000000}
19,St Cajetans Church,150,1970-04-08 00:00:00,,900  Lawrence ST,,,,,,900,,Lawrence,ST,,NA,No District,5DV.702,{00000000-0000-0000-0000-000000000000}
20,Molly Brown House,113,1971-03-30 00:00:00,,1340  Pennsylvania ST,,,,,,1340,,Pennsylvania,ST,,31,PENNSYLVANIA STREET,5DV.178,{00000000-0000-0000-0000-000000000000}
